{"cameraMode":{"drawMode":0,"name":"Shaded","section":"Shading Mode"},"sceneLighting":false,"audioPlay":false,"sceneViewState":{"showFog":true,"showMaterialUpdate":false,"showSkybox":false,"showFlares":true,"showImageEffects":true,"showParticleSystems":true},"in2DMode":false,"pivot":{"x":-3.5999999046325685,"y":1.2999999523162842,"z":-0.6309999823570252},"rotation":{"x":0.4936668276786804,"y":-0.506268322467804,"z":0.49426156282424929,"w":0.5056596398353577},"size":0.1767766922712326,"orthographic":false}