{"cameraMode":{"drawMode":0,"name":"Shaded","section":"Shading Mode"},"sceneLighting":false,"audioPlay":false,"sceneViewState":{"showFog":true,"showMaterialUpdate":false,"showSkybox":false,"showFlares":true,"showImageEffects":true,"showParticleSystems":true},"in2DMode":false,"pivot":{"x":-0.15600000321865083,"y":1.0499999523162842,"z":-0.24400000274181367},"rotation":{"x":0.30673789978027346,"y":-0.5913663506507874,"z":0.2594214975833893,"w":0.6992367506027222},"size":0.08660252392292023,"orthographic":false}