{"cameraMode":{"drawMode":0,"name":"Shaded","section":"Shading Mode"},"sceneLighting":false,"audioPlay":false,"sceneViewState":{"showFog":true,"showMaterialUpdate":false,"showSkybox":false,"showFlares":true,"showImageEffects":true,"showParticleSystems":true},"in2DMode":false,"pivot":{"x":0.0,"y":1.1216000318527222,"z":-0.47099995613098147},"rotation":{"x":-0.007009244058281183,"y":0.9889379143714905,"z":-0.13976562023162843,"w":-0.04956032335758209},"size":0.08660250902175904,"orthographic":false}