{"cameraMode":{"drawMode":0,"name":"Shaded","section":"Shading Mode"},"sceneLighting":false,"audioPlay":false,"sceneViewState":{"showFog":true,"showMaterialUpdate":false,"showSkybox":false,"showFlares":true,"showImageEffects":true,"showParticleSystems":true},"in2DMode":false,"pivot":{"x":0.0,"y":2.6071910858154299,"z":0.0004557967185974121},"rotation":{"x":-0.008704530075192452,"y":-0.9842531681060791,"z":0.16935846209526063,"w":-0.05056794732809067},"size":3.036179542541504,"orthographic":false}